{"cameraMode":{"drawMode":0,"name":"Shaded","section":"Shading Mode"},"sceneLighting":false,"audioPlay":false,"sceneViewState":{"m_AlwaysRefresh":false,"showFog":true,"showSkybox":false,"showFlares":true,"showImageEffects":true,"showParticleSystems":true,"showVisualEffectGraphs":true,"m_FxEnabled":true},"in2DMode":false,"pivot":{"x":-0.013104438781738282,"y":0.5002809762954712,"z":-0.022770017385482789},"rotation":{"x":-0.03830496594309807,"y":0.9591679573059082,"z":-0.23046880960464478,"w":-0.15941815078258515},"size":1.5152976512908936,"orthographic":false}