{"cameraMode":{"drawMode":0,"name":"Shaded","section":"Shading Mode"},"sceneLighting":false,"audioPlay":false,"sceneViewState":{"m_AlwaysRefresh":false,"showFog":true,"showSkybox":false,"showFlares":true,"showImageEffects":true,"showParticleSystems":true,"showVisualEffectGraphs":true,"m_FxEnabled":true},"in2DMode":false,"pivot":{"x":-0.04107481241226196,"y":0.9144940376281738,"z":0.07349759340286255},"rotation":{"x":0.01812152750790119,"y":-0.9621570706367493,"z":-0.06620364636182785,"w":-0.26377713680267336},"size":1.4406585693359376,"orthographic":false}