{"cameraMode":{"drawMode":0,"name":"Shaded","section":"Shading Mode"},"sceneLighting":true,"audioPlay":false,"sceneViewState":{"m_AlwaysRefresh":false,"showFog":true,"showSkybox":true,"showFlares":true,"showImageEffects":true,"showParticleSystems":true,"showVisualEffectGraphs":true,"m_FxEnabled":true},"in2DMode":false,"pivot":{"x":8.936898231506348,"y":0.9836140275001526,"z":-10.451520919799805},"rotation":{"x":-0.0014855003682896495,"y":-0.9520153999328613,"z":0.004571693483740091,"w":-0.30608588457107546},"size":8.463080406188965,"orthographic":false}