{"cameraMode":{"drawMode":0,"name":"Shaded","section":"Shading Mode"},"sceneLighting":false,"audioPlay":false,"sceneViewState":{"m_AlwaysRefresh":false,"showFog":true,"showSkybox":false,"showFlares":true,"showImageEffects":true,"showParticleSystems":true,"showVisualEffectGraphs":true,"m_FxEnabled":true},"in2DMode":false,"pivot":{"x":0.08192014694213867,"y":0.25028103590011599,"z":-0.019337892532348634},"rotation":{"x":0.060523487627506259,"y":-0.9267621636390686,"z":0.17038044333457948,"w":0.3293187618255615},"size":1.7892773151397706,"orthographic":false}